sentence,nutrient,pmid,label
aim: to investigate the effects of zinc-enriched spirulina supplementation (zss) on patients with copd.,zinc,39564630,3
"aluminum, boron, calcium, copper, iron, magnesium, manganese, molybdenum, phosphorus, potassium, sodium, and zinc: concentrations in common western foods and estimated daily intakes by infants; toddlers; and male and female adolescents, adults, and seniors in the united states.",zinc,11573761,4
"age, gender, number of acute diseases, use of psychoactive drugs, season of testing, and serum concentrations of calcium, parathyroid hormone, creatinine, albumin, tsh, vitamin b9 and vitamin b12 were used as potential confounders.",vitamin b12,33071932,3
[vitamin b12/b9 - possible treatment for mental fatigue].,vitamin b12,28696491,1
"amantadine, zinc, and crocus sativus extracts yield the potential to ameliorate depressive symptoms in patients with affective disorders.",zinc,39333460,3
these findings support the promotion of a balanced diet rich in vitamin b6.,vitamin b6,39508477,0
"furthermore, scanning electron microscopy (sem) and energy dispersion x-rays (edx) were used for examining the appearance and structure of the corroded zinc surface, respectively.",zinc,40109929,0
"and deficiency of zinc, magnesium and iron is related to the elevated blood lead level in the children aged 1-7 years.",zinc,21601238,4
"background: serum pyridoxal 5'-phosphate (plp), the active form of vitamin b6, is associated with reduced risk of pancreatic cancer.",vitamin b6,29734388,3
"female smokers had lower intake densities of thiamin, niacin, vitamin b6, folate, mg, na (p </= 0.05), protein, n-3 fatty acids, cholesterol, fe (p </= 0.01), vitamin b12 and se (p </= 0.001).",vitamin b6,22269176,4
"a middle-aged female with history of multinodular goiter, hashimoto disease, and chronic vitamin b12 deficiency presented with palpitations and subsequent exertional dyspnea.",vitamin b12,34695620,4
"a subgroup of children characterized by the prenatal metal-clique signature of zinc-chromium-cobalt had significantly increased depression scores; however, within that subgroup, children with a.muciniphila had much lower depression scores than those without a.muciniphila in the gm.",zinc,39640590,4
"in a double blind, randomized trial they received daily 2.5 mg folic acid, 25 mg vitamin b6, and 0.5mg vitamin b12 or placebo for 1 year.",vitamin b12,15939064,2
"after adjusting for vitamin b12 and iron levels, ethnicity, age and sex, the odds of being thin in the 10- to 19-year-old age group was 4.28-fold higher (95% ci 1.48-12.4) if they were h.",vitamin b12,27491384,4
"additionally, copper and zinc levels varied among trimesters.",zinc,39050426,0
[vitamin b12 deficiency in the elderly and its associations with geriatric syndromes].,vitamin b12,39575958,4
"intervention: participants received a daily capsule containing 40 mg of folic acid, 100 mg of pyridoxine hydrochloride (vitamin b6), and 2 mg of cyanocobalamin (vitamin b12) or a placebo.",vitamin b6,17848650,2
"no association was observed for insomnia, blood pressure, alcohol consumption, or serum vitamin b12, 25-hydroxyvitamin d and calcium levels.",vitamin b12,33655641,1
"methods and results: ninety patients undergoing coronary angiography were randomized into 4 groups administered oral: (1) folic acid (0.8 mg), vitamin b12 (0.4 mg), and vitamin b6 (40 mg); (2) folic acid and vitamin b12; (3) vitamin b6 alone; or (4) placebo.",vitamin b12,14699020,2
conclusion: dietary patterns may be associated with depression by changing the serum levels of folate and vitamin b12.,vitamin b12,32054533,1
in group b combination of sodium feredetate (containing 66 mg of elemental iron) along with vitamin b12 (15 microg) and folic acid (1.5 mg) was administered twice a day.,vitamin b12,17915799,2
methods: twenty-seven patients were enrolled at 1 of 5 pdx dose levels from 75 to 185 mg/m(2) on day 1 followed 24 hours later by 5-fu at a dose of 3000 mg/m(2) /48 hours every 2 weeks with folic acid and vitamin b12 supplementation.,vitamin b12,26242208,2
"[levels of calcium, magnesium, zinc, copper and iron in hair of children and adolescents].",zinc,9156918,4
"plasma vitamin b12 remained higher in the intervention group than in the control group 6 months postdelivery (by 0.30 sds (0.14, 0.46), p = 0.0003).",vitamin b12,38051700,0
"additionally, low plasma vitamin b12 concentrations were common in patients with cancer.",vitamin b12,36364737,3
"[the level of calcium, magnesium, zinc and copper in blood serum in children and young people between 5 and 18 years of age].",zinc,7761619,4
[the zinc status in patients with idiopathic scoliosis].,zinc,3394465,3
"children whose mothers were more educated, were less likely to have vitamin b1 (p<0.05) and vitamin b6 intakes below the ear (p < 0.05 for secondary school and p < 0.001 for college/university) and iron intake below the ai (p < 0.001).",vitamin b6,24400785,4
"additionally, infants and children with congenital heart defects often show disorders in folate metabolism (low folate, higher homocysteine, or low vitamin b12).",vitamin b12,31737547,4
"administration of vitamin b6 at doses of 1 and 1.5 g/day, for 2-7 weeks, showed that only the high doses increased erythrocyte magnesium.",vitamin b6,3959594,2
acupressure and vitamin b6 to relieve nausea and vomiting in pregnancy: a randomized study.,vitamin b6,17318558,3
"conclusions: in summary, a higher zinc concentration is causally associated with a reduced depression risk.",zinc,38863045,1
"elemental metals (iron, zinc, and magnesium) were also not found to be superior to placebo (smd: -0.42; 95% ci: -1.05 to 0.21), although vitamin d yielded a small to medium effect size improvement (smd: -0.52; 95% ci: -0.84 to -0.20) in postpartum depression.",zinc,37019362,1
"ag patients with macrocytosis also have significantly higher frequencies of blood hemoglobin and serum vitamin b12 deficiencies, hyperhomocysteinemia, and serum gpca positivity than ag patients.",vitamin b12,31324439,3
"intervention: participants received a daily capsule containing 40 mg of folic acid, 100 mg of pyridoxine hydrochloride (vitamin b6), and 2 mg of cyanocobalamin (vitamin b12) or a placebo.",vitamin b12,17848650,2
the nursing program combined with using zinc oxide products followed by petroleum jelly can prevent and decrease the severity of incontinence-associated dermatitis in older patients.,zinc,39081404,1
"[serum levels of copper, iron, magnesium, calcium and zinc in women with a normal menstrual cycle, under treatment with oral hormonal contraceptives and in pregnancy].",zinc,4678746,3
"after 8-10 days with daily administration of the chewable pleuran/vitamin d/zinc supplement, children exhibited a statistically significant increase in salivary siga concentrations compared with baseline (227??/-??11 microg/ml; p????.045).",zinc,40160261,4
methods: twenty two patients were included in this study and received 250 ml of mannitol 20% intravenous infusion for 5 days + vitamins b (vitamin b1 10 mg + vitamin b2 10 mg + vitamin b12 50 mug po) for 6 weeks.,vitamin b12,30412481,2
"amaranth or ceylon spinach/spider plant sauces, consumed with the cereal based paste ""to"" twice a day, would contribute 80 to 86% of children's estimated average requirement (ear) of iron and to 90 to 170% of ear of vitamin a but their contribution to zinc and energy needs would remain low.",zinc,25665504,4
"all children failed to meet the recommendation for vitamin d and considerable proportions had inadequate intakes of vitamin a, calcium, zinc, folate, and magnesium.",zinc,36615891,4
"the overconsumption of vitamin b6 has the potential to impact nerve function, particularly during the critical first trimester of embryonic development.",vitamin b6,39569767,0
in group a combination of sodium feredetate (containing 33 mg of elemental iron) along with vitamin b12 (15 microg) and folic acid (1.5 mg) was administered twice a day.,vitamin b12,17915799,2
"furthermore, vitamin c intake not exceeding 1500 mg/day plays a protective role as well as avoiding vitamin b6 deficiency and abstaining, if possible, from vitamin d supplements.",vitamin b6,22460996,2
"a new structure of zinc-citric acid organic metal framework (zn-ca mofs) is utilized to improve its drug loading rate, achieving the joint regulation of the nerve regeneration microenvironment by h(2)s and zn(2+).",zinc,40025980,3
the possible impact of zinc-enriched multivitamins on treatment-naive recurrent aphthous stomatitis patients.,zinc,39797342,1
"each patient was treated with oral high-doses 300 mg of vitamin b1, 450 mg of vitamin b6 and 1,500 mcg of vitamin b12, as add-on treatment to concomitant disease-modifying therapies (dmts) for consecutive 90 days.",vitamin b6,32669520,2
background: a low level of vitamin b6 may theoretically cause symptoms of depression.,vitamin b6,34912512,1
"a multicomponent food supplement with quercetin phytosome(r), zinc and vitamin c may be favorable in managing children with seasonal allergic rhinitis: a pilot study.",zinc,40080068,3
"participants received either efalex active 50+ (1g dha, 160 mg eicosapentaenoic acid, 240 mg ginkgo biloba, 60 mg phosphatidylserine, 20mg d-alpha tocopherol, 1mg folic acid, and 20 microg vitamin b12 per day; n = 15) or placebo (n = 12) for 6 months.",vitamin b12,26265727,2
"an overall healthy diet rich in vitamin b12, d or folate and fish oils may have positive effect also on depression.",vitamin b12,24881142,1
"additionally, depression was negatively associated with intake of fiber, beta-carotene, vitamin b6, vitamin e, vitamin c, potassium, zinc, folate, iron, and copper after adjusting for confounding variables.",vitamin b6,26324576,1
"on regression analysis, zinc had the strongest association with hemoglobin.",zinc,29804328,0
"q3 and q4 groups showed significantly higher level of the intake of vitamin d, vitamin b12, calcium, and folate than those of q1 and q2 groups.",vitamin b12,31468413,2
"these include agranulocytosis (0.6%), musculoskeletal and joint pains (15%), gastrointestinal complaints (6%) and zinc deficiency (1%).",zinc,11099897,1
"serum folate was measured by folate microbiological assay, while serum vitamin b12 was measured by immunochemiluminescence assay using a roche cobas e411 immunoassay analyzer.",vitamin b12,37083656,0
[retracted] zinc finger protein?‘like 1 is a novel neuroendocrine biomarker for prostate cancer.,zinc,39917995,3
"low maternal vitamin b12 concentrations were associated with higher heart rates (decrease per 100 units: beta 0.49 beats/min, 95% ci 0.11, 0.87).",vitamin b12,26810674,0
"a clear caveat, however, is that vegan diets consumed spontaneously may induce suboptimal intakes of key nutrients, most notably quantity and/or quality of dietary protein and specific micronutrients (eg, iron, calcium, vitamin b12, and vitamin d).",vitamin b12,37127187,3
"after admission, additional intravenous arginine hydrochloride was administered for five days in the acute metabolic disorder phase, and persistent cocktail therapy was introduced, including coenzyme q10 (20 mg/d), carnitine (1 g/d) and vitamins (vitamin b1, vitamin b2, vitamin b6, and vitamin c).",vitamin b6,33126389,2
"in the patient group, the vitamin b12 and vitamin d levels were clearly low (p values for both levels were <.001), while homocysteine levels were found to be remarkably high (p < .001).",vitamin b12,32304285,0
"results: an increased weighed allele score for serum vitamin b12 was associated with decreased odds of a scl-90-r score above the 90th percentile (or 0.540 (95%ci 0.302-0.967)) in health2006 but not in inter99, in the pooled analysis (or 0.817 (95%ci 0.331-2.018)) or with other outcomes.",vitamin b12,28656970,0
"children with asds consumed significantly more vitamin b6 and e and non-dairy protein servings, less calcium, and fewer dairy servings (p < .05).",vitamin b6,18600441,4
"female patients showed a cold signal when taking vitamin c and vitamin b6 together compared to male patients (omega 0.025:0.89, lift: 7.15, conviction: 1.12).",vitamin b6,39845792,4
"no significant association was found between depression and plasma vitamin b12 (p=0.13), plasma methylmalonic acid (p=0.67), erythrocyte folate (p=0.77), and plasma total homocysteine (p=0.16).",vitamin b12,15479988,1
"the dual burden of obesity and malnutrition poses significant risks, including immune dysfunction, delayed wound healing, anemia, metabolic disturbances, and deficiencies in micronutrients such as vitamin d, iron, magnesium, and zinc, among others.",zinc,39439423,1
"antibiotics alone, without zinc or ors, were used by more children with dysentery than watery diarrhea (15% vs.",zinc,40321784,4
"at baseline, intakes of natural protein and estimated phenylalanine were high (66.4 g and 3318.5 mg, respectively) and intakes of calcium, magnesium, iron, zinc, iodine and vitamin d were below country-specific recommendations.",zinc,31480383,2
"conclusion: it can be said that fiber, total fat, saturated fatty acid, cholesterol and sodium intake of turkish adolescents are found to be high; however, their vitamin e, vitamin b6 and folate intake are found to be low compared to aha recommendations.",vitamin b6,15309435,4
"""cohort study to evaluate the effect of vitamin d, magnesium, and vitamin b12 in combination on progression to severe outcomes in older patients with coronavirus (covid-19)"" by tan et al.",vitamin b12,36175259,3
"after a 4-week supplementation period with 10 mg/day/kg mg, the plasma magnesium, copper, and zinc levels significantly increased in sedentary and training (90-120 min training 5 days a week) subjects when compared to nonsupplemented controls (p < 0.05).",zinc,17916932,2
high serum levels of methylmalonic acid (mma) have been identified in several studies as an early indicator of vitamin b12 deficiency.,vitamin b12,31740360,0
"although an immune signature of eoe was found in blood, untargeted metabolomics more efficiently discriminated children with eoe from control subjects, with dysregulation of vitamin b6 and various amino acids metabolisms.",vitamin b6,37006253,4
occupational and systemic contact dermatitis with photosensitivity due to vitamin b6.,vitamin b6,11217995,1
"age groups of 7 to 11 years had slightly elevated levels of these metals when compared with the groups below 7 and above 12 years, except that for females levels increased with age for zinc and decreased for magnesium.",zinc,2509752,4
"during a three years follow-up, an association between vitamin b12 blood levels and atopic dermatitis severity was detected, as well as a clinically significant scorad improvement following vitamin b12 oral supplementation.",vitamin b12,33342334,1
possible reasons for decreased vitamin b6 levels leading to status epilepticus are discussed.,vitamin b6,14692912,0
"2 mg of folic acid, 25 mg vitamin b6, and 400 microg of vitamin b12) in 52 patients diagnosed with migraine with aura.",vitamin b12,19384265,3
"malnourished and well-nourished patients both had lower intakes of sodium (366 mg, 524 mg respectively), potassium (1555 mg, 1963 mg), zinc (5 mg, 7 mg), calcium (645 mg, 710 mg), magnesium (161 mg, 172 mg), niacin (8 mg, 9 mg), folic acid (0.14 mg, 0.19 mg), and vitamin a (365 mug, 404 mug).",zinc,21804135,2
aims: to investigate the effect of vitamin b6 on the prevention of postpartum depression (ppd) among mothers at risk for ppd.,vitamin b6,34912512,1
"a statistically significant improvement was observed for body weight (difference between groups 2.2 kg, p=0.03), and homocysteine, vitamin b1, tdf, vitamin b6, vitamin b12, folate and vitamin d in the supplement group compared to the placebo group.",vitamin b12,11960300,4
"co-occurrence of anemia, marginal vitamin b6, and folate status and depressive symptoms in older adults.",vitamin b6,23124011,4
serum vitamin b12 concentrations were determined by chemiluminescence.,vitamin b12,26576959,0
"higher vitamin b12 intake were associated with lower risk of depression (odds ratio [or], 0.79; 95% ci, 0.63-0.98; p = 0.034) and behavioral problems (or, 0.83; 95% ci, 0.69-0.99; p = 0.04).",vitamin b12,37859436,1
"prevalence of depression in the population was 44%, and depressed women had lower intake levels of polyphenols (p=0.022; cohen's d=0.80), and vitamin b6 (p=0.038; cohen's d=0.65), vitamin a (p=0.044; cohen's d =0.63), and vitamin c (p=0.050; cohen's d =0.61).",vitamin b6,31555403,1
"absolute heme-iron absorption was higher in the group with higher zinc intakes, but only for those with the lowest heme-iron intake (2 mg; p = 0.0147).",zinc,17284743,2
"group 1 received standard rat feed, group 2 was exposed to blco (0.1 ml/g of rat feed) for 3 weeks, and groups 3-5 were treated with zinc (50 mg/kg/day), vitamin e (400 iu/kg), or both [vitamin e (400 iu/kg) + zinc (50 mg/kg/day)], respectively for 1 week after blco exposure for 3 weeks.",zinc,39734606,2
"serum concentrations of zinc,\ copper, selenium, calcium, and magnesium were determined using an inductively coupled plasma mass spectrometer.",zinc,18202835,0
"numerous studies were reviewed, and based on these studies, it was concluded that supplementation of vitamin b12 early enough can delay the onset of depression and improve the effect of anti-depressants when used in conjunction with vitamin b12.",vitamin b12,33251075,1
"results: compared with the lowest quartile, the multivariable-adjusted ors and 95% cis for highest quartile were 0.32 (95% ci: 0.20, 0.52; p trend <0.001) for folate, 0.47 (95% ci: 0.30, 0.76; p trend = 0.002) for vitamin b6, and 1.02 (95% ci: 0.67, 1.55; p trend = 0.841) for vitamin b12.",vitamin b6,36228591,0
"blood samples were collected during the first 24 hours of hospitalization and measured for complete blood count, biochemical profile, vitamin b12, n-terminal prohormone of brain natriuretic peptide, and mma levels.",vitamin b12,31740360,0
our findings do not argue for widespread vitamin b12 or folic acid supplementation to combat anemia.,vitamin b12,27486122,0
"between weeks 10 and 18 the patients received 10 mg folic acid, 100 mg vitamin b6 once a week, and 1000 microg vitamin b12 bimonthly iv.",vitamin b12,15600263,2
"all children underwent systemic, neurologic, and cardiologic evaluation, including complete blood count, blood biochemistry, serum iron and ferritin level, serum vitamin b12 level, electrocardiogram, and electroencephalograms.",vitamin b12,36685636,4
"after mycobacterium tuberculosis was detected in culture, a 4-drug anti-tb therapy encompassing rifampin, isoniazid, ethambutol and pyrazinamide was prescribed for 18-24 months, in addition to daily vitamin b6 and pantoprazole.",vitamin b6,32523913,3
"aging, hypertension, diabetes, hypoxia/obstructive sleep apnea (osa), obesity, vitamin b12/folate deficiency, depression, and traumatic brain injury synergistically promote diverse pathological mechanisms including cerebral hypoperfusion and glucose hypometabolism.",vitamin b12,27350397,1
the patients received 10 mg folic acid and 100 mg pyridoxine intravenously (iv) after each dialysis plus 1000 microg vitamin b12 iv once a week for 9 weeks.,vitamin b12,15600263,2
"calcium, iron, and zinc bioavailability can be improved by soaking, germination, and sour-dough leavening that lower the phytate content of pulses and cereals.",zinc,29174030,0
aim: epithelial splicing regulatory protein 1 (esrp1) regulates tumor progression and metastasis through the epithelial?’mesenchymal transition by interacting with zinc finger e-box binding 1 (zeb1) and cd44 in cancers.,zinc,39037743,3
"ot group received 3 g/kg linseed oil, zt group received 60 mg/kg, and zot group received 3000 mg alpha linolenic acid (ala) and 60 mg zinc/day/orally.",zinc,40135516,2
"a 9-year-old boy received a rifampicin-isoniazid-ethambutol regimen for suspected extra-pulmonary tuberculosis, and glucurolactone and vitamin b6 to provide liver protection and decrease neurotoxicity associated with isoniazid.",vitamin b6,26221405,4
"4) also, it was found that the treatment with no-cbl in dogs is a viable anti-cancer therapy that capitalizes on the tumor-specific properties of the vitamin b12 receptor.",vitamin b12,39434876,3
"[retracted] downregulated microrna??40??p expression regulates apoptosis, migration and invasion of lung cancer cells by targeting zinc finger protein 800.",zinc,39421316,3
"for children aged 4-24 months of age, the quantities of infant cereal used was inadequate (approximately a quarter of the recommended portion size) and total dietary intakes were below 67% of the recommended levels for calcium, iron, zinc, niacin, vitamin b6 and vitamin b12.",vitamin b6,11474901,4
"the folate intake, vitamin b6 and vitamin b12 were calculated, and mthfr c665t, c677t and a1298c were analyzed by pcr-rflp.",vitamin b6,24175799,0
adequacy of maternal pyridoxine supplementation during pregnancy in relation to the vitamin b6 status and growth of neonates at birth.,vitamin b6,10575635,3
conclusions: vitamin b6 has a positive effect on reducing postpartum depression scores among mothers at risk for ppd.,vitamin b6,34912512,1
"a general screening of vitamin b12 levels is not recommended for all patients on a ppi; however, it does seem necessary that magnesium levels be measured at therapy onset, and then monitored in subjects on other drugs that may induce hypomagnesemia.",vitamin b12,27034082,3
"the study group received two capsules of 220 mg of zinc sulfate containing 50 mg of zinc, and the control group received two capsules of 220 mg of placebo ingredient per week for 12 weeks.",zinc,39867713,2
"vitamin b12 enhances the antitumor activity of 1,25-dihydroxyvitamin d3 via activation of caspases and targeting actin cytoskeleton.",vitamin b12,35180142,0
"folic acid, vitamin b12, b6, and others (e.g., omega-3 fatty acids), elevated serum homocysteine level and the functioning of human brain as well as the occurrence of such disorders as dementia, central nervous system vascular disorders and depression.",vitamin b12,19388520,1
"seborrheic dermatitis was correlated with significantly increased copper, manganese, iron, calcium, and magnesium concentrations and significantly lower serum zinc and vitamin d and e concentrations.",zinc,39102684,1
"of the women surveyed, 20% were iron depleted but not anaemic, and 15% were zinc deficient (i.e., serum zinc < 7.1 micromol/l).",zinc,12230231,0
a metal chelation therapy to effectively eliminate breast cancer and intratumor bacteria while suppressing tumor metastasis by copper depletion and zinc ions surge.,zinc,39394640,3
"as a result, the total fat intake of these elderly people was found to be high; while their intake of fiber and vitamin b6, vitamin b12 were found to be low, compared to american heart association recommendations.",vitamin b6,25603127,4
"maternal vitamin b12 concentrations were determined in the first and third trimesters, and sociodemographic, nutritional and psychological data were collected.",vitamin b12,37938197,0
"among 93 patients with over 1 year of follow-up, 19 (20.4%) received zinc monotherapy, and 74 (79.6%) received a zinc/d-penicillamine combination therapy.",zinc,38847512,3
"a 32-year-old male farmer initially treated for scd with normal vitamin b12 levels showed no improvement, leading to a delayed diagnosis of cdm.",vitamin b12,39926639,4
"after further adjustment in model 3, statistical significance remained for each unit increase in selenium [odds ratio (or), 0.66; 95% confidence interval (ci): 0.47-0.93; p=0.02], as well as for q4 versus q1 for zinc (or, 0.48; 95% ci: 0.27-0.86; p=0.01).",zinc,40081383,0
pediatric plasma vitamin b12 biomarkers were measured and reference values were derived thereof.,vitamin b12,33574561,0
prevalence of vitamin b12 deficiency in west syndrome: a retrospective chart review.,vitamin b12,32435301,0
"other family members shared similar symptoms, had low erc-mg values, and also responded clinically to increased mg(2+)/vitamin b6 intakes.",vitamin b6,15466962,0
"a micronutrients daily intake consumption of 201.35mug/day of vitamin b9 (95% ci 125.32-277.38); 5.61mug/day of vitamin b12 (95% ci 2.53-8.70), and 139.67 mg/day of vitamin c (95% ci 59.33-220.02).",vitamin b12,37302035,2
"ceftriaxone at a dose of 2.0 g/day for 10 days and intramuscular injection of vitamin b6 were administered, along with 10% urea ointment for hyperkeratosis lesions as topical therapy.",vitamin b6,34285450,2
"in 15 patients, to increase vasodilatory no via endothelial no synthase, l-arginine (15 g/day) was given, along with folic acid (5 mg), vitamin b6 (100 mg), and b12 (2000 mg/day) to optimize homocysteine metabolism and reduce asymmetric dimethylarginine, a no synthase inhibitor.",vitamin b6,17000887,2
further studies are required to understand the associations between hm zinc and other minerals and both short- and long-term offspring outcomes.,zinc,36704795,0
all 50 subjects also received 50 mg/day of oral vitamin b6 and 1.0 mg/day of oral vitamin b12.,vitamin b12,11169020,2
"a well-planned vegan diet must include adequate calories and nutrients, as well as the necessary supplements, such as vitamin b12, vitamin d and epa/dha.",vitamin b12,38024367,3
"bmi and blood vitamin b concentration were not significantly associated with cbmn-cyt parameters, except vitamin b6 levels, which were positively associated with mni scores in males.",vitamin b6,28137367,4
"daily niacin intake did not differ statistically across groups (group 1 = 18.0 +/- 11.4 mg/day; group 2 = 18.9 +/- 8.0 mg/day; group 3 = 14.2 +/- 5.2 mg/day), nor did intake of tryptophan, vitamin b6, and zinc.",vitamin b6,17460498,2
"further in-depth studies, particularly related to vitamin b12, are required to provide definitive conclusions and guidance.",vitamin b12,39310455,0
"folate, vitamin b6, vitamin b12, and methionine intakes and risk of stroke subtypes in male smokers.",vitamin b6,18270369,4
"children in the more northern communities consumed significantly (p < or = 0.05) more tf, protein, iron, copper, vitamin b6 and manganese, and less energy, fat, saturated fat and sodium.",vitamin b6,15945283,4
"after adjusting for sociodemographic, lifestyle, biochemical parameters, and postpartum characteristics the regression model showed a negative association between epds scores and the highest quartile of serum vitamin b12 (first quartile (reference) vs.",vitamin b12,38440867,0
kaplan-meier curves indicated a higher risk of all-cause mortality with increased vitamin b12 intake (log rank p = 0.01).,vitamin b12,38775076,0
allergic contact dermatitis to zinc caused by silver ring splint: exposure assessment with scanning electron microscope.,zinc,38797988,3
"a skin prick test for vitamin b12 was positive, but tests for b1, b6, mannitol and saline were negative, indicating this adverse reaction was one of drug hypersensitivity due to the vitamin b12 in vitamedin.",vitamin b12,19751344,3
in treatment groups mem (200 mg/kg and 400 mg/kg doses) and vitamin b6 (180mg/kg) were administered prior to ripe.,vitamin b6,32178678,2
"63-98% of females and 72-97% of males showed normal blood levels for the remaining micronutrients, including potassium, calcium, magnesium, copper, iron, zinc, selenium, manganese, molybdenum, b(6), b(9), and b(12).",zinc,38541139,4
aim: comparative analysis of the effect of antiepileptic drugs on the epileptic (tonic clonic seizure type) patient's serum folate and vitamin b12 concentrations.,vitamin b12,26418321,3
"additionally, the release behavior of vitamin b12 (vb(12)) from pda-n4 gel (h(2)o/dmso, v/v = 90/10) was evaluated, and the drug controlled release process was consistent with a first-order release mechanism.",vitamin b12,35423629,3
acquired and inherited zinc deficiency-related diseases in children: a case series and a narrative review.,zinc,39189285,4
thus vitamin b6 could be promising in patients suffering from gc-induced psychiatric adverse effects and probably controlling stress and preventing its affective disorder out comes.,vitamin b6,29478387,0
"all study participants were also evaluated concerning the beck depression inventory (bdi), facit fatigue scale (ffs), fatigue severity scale (fss), and levels of blood chromium (cr), manganese (mn), copper (cu), zinc (zn), selenium (se), cadmium (cd), and lead (pb).",zinc,40323362,1
"in the present study it has been shown for the first time that maternal methyl-enriched diet (choline, betaine, folic acid, vitamin b12, l-methionine, zinc) during perinatal period reduces the expression of genetic absence epilepsy and comorbid depression in adult offspring of wag/rij rats.",zinc,33083882,1
the results indicated a non-linear dose-response relationship between vitamin b6 intake and pancreatic risk.,vitamin b6,33012287,0
"more than 80% were below rda/ai for pantothenic acid, vitamin b6, and folate.",vitamin b6,37678653,0
"a zinc level in the lowest tertile was associated with a modestly higher risk of ovarian cancer compared to women with zinc levels in the upper two tertiles (hr = 1.65; 95% ci 0.80 to 3.44; p = 0.18), but this was not significant.",zinc,38790714,3
"after being treated with vitamin b12 and levocamitine, the clinical symptoms and organic acid content of hematuresis of this child patient had taken a turn for the better.",vitamin b12,27383490,4
a remarkable cancer-related role of zinc finger protein 367 (znf367) has been demonstrated in multiple malignancies.,zinc,38880190,3
"among those in the top two tertiles of zinc level, the ten-year cumulative risk of ovarian cancer was 4.7%.",zinc,38790714,3
"compared with the lowest quartile, hrs (95% cis) for the highest quartiles of vitamin b6 and choline were 0.52 (0.36-0.74; p trend = 0.001) and 0.67 (0.48-0.93; p trend = 0.04), respectively.",vitamin b6,26711329,0
a diet poor in folic acid and vitamin b6 is also associated with a higher risk of developing colon cancer with an overexpression of p53.,vitamin b6,25093007,3
a systematic review and meta-analysis of functional vitamin b12 status among adult vegans.,vitamin b12,39373282,3
"in the present study, we examined the association between depression and the phosphate derivative of vitamin b6 in plasma, pyridoxal phosphate (plp).",vitamin b6,15479988,1
"age, gender, body mass index, morbidities burden, use of vitamin d supplements, cognitive performance, mood, serum concentrations of calcium, parathyroid hormone and vitamin b12, creatinine clearance, and season of evaluation were used as potential confounders.",vitamin b12,29422004,4
"if it was less than 11 g/dl, blood was taken for serum iron, ferritin, transferrin, red cell zinc protoporphyrin, serum folate, vitamin b12 and thalassemia screen to establish cause of anaemia.",zinc,10367008,2
purpose: pyridoxal 5 -phosphate (plp) is the main form of vitamin b6 in humans and functions a coenzyme for more than 160 different enzymatic reactions.,vitamin b6,36318283,0
alleviating effect of intranasal zinc on symptoms of allergic rhinitis.,zinc,39974308,3
"erythrocyte fatty acid profiles and plasma homocysteine, folate and vitamin b6 and b12 in recurrent depression: implications for co-morbidity with cardiovascular disease.",vitamin b6,26260568,1
"taken together with a high vitamin b12 level, we conducted a breakpoint cluster region-abelson murine leukemia viral oncogene homolog 1 gene analysis and bone marrow cytogenetic analysis, both of which returned positive, leading to the diagnosis of chronic myeloid leukemia.",vitamin b12,26187587,2
"he promptly began vitamin b6 and valproic acid treatment, but infantile spasms (is) and hypsarrhythmia persisted.",vitamin b6,24534054,1
"patients are randomized to a multivitamin that includes either a high-dose or low-dose of folic acid (5 or 0 mg), vitamin b6 (50 or 1.4 mg), and vitamin b12 (1000 or 2 microg).",vitamin b6,16923411,2
in group c combination of ferrous fumarate (containing 100 mg of elemental iron) along with vitamin b12 (15 microg) and folic acid (1.5 mg) was administered twice a day.,vitamin b12,17915799,2
"aegle marmelos-mediated zinc oxide nanoparticles for mosquito control, cancer therapy, and antibacterial applications.",zinc,40293515,3
transient neonatal zinc deficiency or acrodermatitis enteropathica?,zinc,38955663,1
"the mean daily intakes of iron (10.7 mg/day), calcium (553 mg/day), zinc (6.2 mg/day), magnesium (284.3 mg/day) were lower than recommended.",zinc,17446009,2
"aim: the aim of this study was to compare serum folate, vitamin b12, 25-oh vitamin d, and calcium levels between pregnants with and without fetal anomaly of neural tube origin.",vitamin b12,28420274,3
"after treatment with ethambutol, rifampicin and isoniazid, pyrazinamide, and vitamin b6 (i.e., intensive treatment for two months followed by a continuation phase with two drugs regimen for four months) the patient fully recovered.",vitamin b6,36359597,3
"background: increased vitamin b6 catabolism related to inflammation, as measured by the par index (the ratio of 4-pyridoxic acid over the sum of pyridoxal and pyridoxal-5'-phosphate), has been positively associated with lung cancer risk in two prospective european studies.",vitamin b6,30698666,3
"current observations suggest that at least total daily doses of 200 mg fe in premenopausal women and 100 mg in men, 100 mg of zinc, 3000 mg of calcium, and weekly doses of at least 50,000 iu solubilized vitamin a and vitamin d are needed to prevent the occurrence of major deficiencies.",zinc,28861696,2
"moreover, copper and zinc were affected significantly by gestational age but maternal age only had a weak effect on them.",zinc,39050426,0
"association of vitamin b6, vitamin b12 and methionine with risk of breast cancer: a dose-response meta-analysis.",vitamin b6,23907430,3
providing up to 10 mg of additional zinc during infancy increased plasma zinc concentration by 2.03 micromol/l (p < 0.001) and reduced the risk of zinc deficiency by 47% (p < 0.001).,zinc,27916873,0
"although no serious imbalances were recorded in nutrient intake, fat intake was higher than the recommended levels for spanish children's, while carbohydrate, fiber, calcium, magnesium, iron and zinc intake was lower in all groups, and vit.",zinc,2102751,4
"[effect of pregnancy on the metabolism of iron, copper, zinc and magnesium].",zinc,1110034,3
"pain is prevalent, often requiring analgesics, while muscle cramps affect up to 68% of patients, treated with supplements like zinc and taurine despite limited evidence.",zinc,39610685,1
"at this time, the totality of evidence is strongest in support of a role for folate and the metabolically related b-vitamins (vitamin b12, vitamin b6 and riboflavin) in slowing the progression of cognitive decline and possibly reducing the risk of depression in ageing.",vitamin b12,29316987,1
"after adjusting for age, sex, bmi, vitamin b12, fol, and mthfr c677t, the lowest zn quartile reduced the odds ratio of hhcy compared with the highest zn quartile.",vitamin b12,37111114,4
"after adjusting for confounding factors like gender, age, and locality, higher levels of six metals/metalloids (boron, cadmium, cesium, lithium, selenium, zinc) were significantly associated with increased kim-1 levels.",zinc,38866845,4
"four cases in group b (67%) and 5 in group c (83%) showed complete cessation of spasms after initial treatment (high dose vitamin b6-->zonisamide-->acth therapy), while in group a only 2 patients (29%, p > 0.05; compared to group b or group c) responded.",vitamin b6,10429481,1
"although associations were generally weak, these findings suggest that those with differing mthfr genotypes may have different susceptibilities to colon cancer, based on dietary consumption of folate, vitamin b6, and vitamin b12.",vitamin b6,10385141,3
[biochemical evaluation of dietary magnesium and zinc intake in infants and children.,zinc,6648261,4
"our results show that depression affects the main components of this cycle and paroxetine on healthy mice increases homocysteine levels, decreases glycine and vitamin b12, while in depressed mice, it increases folate levels and decreases vitamin b12.",vitamin b12,36480503,1
"additionally in the bd group; blood drug (lithium, valproic acid), leukocyte, c-reactive protein (crp), tsh, and vitamin b12 levels were measured.",vitamin b12,37668000,3
"she developed infantile spasms at 8 months of age, and vitamin b6 was very effective.",vitamin b6,10487070,1
"both low and high zinc-deficiency diets can disrupt zinc homeostasis in mice, leading to heightened inflammatory responses, the activation of the nf-kappab pathway, and increased apoptosis in testicular cells.",zinc,39500834,0
"exposures included directly measured circulating vitamin b12 in pre-diagnostic blood samples from the nested case-control study, and 8 single nucleotide polymorphisms associated with vitamin b12 concentrations in the mr study.",vitamin b12,30499135,0
ethiopia should pursue strategies to boost zinc utilisation in this group of population.,zinc,39561155,0
"infants born to mothers supplemented with beta-carotene + zinc had higher plasma retinol concentrations, with the frequency of vitamin a deficiency reduced by >30% compared with the other 3 groups.",zinc,15531679,2
"blood was collected at the time of diagnosis, and vitamin b6 concentrations were quantified using lc-ms/ms.",vitamin b6,26506437,0
"background: vitamin b6 plays vital roles in numerous metabolic processes in the human body, such as nervous system development and functioning.",vitamin b6,16625530,0
"the intake of folate, vitamin b6 and vitamin b12 were calculated by each food item from questionnaire.",vitamin b6,24639841,0
"at this time, the totality of evidence is strongest in support of a role for folate and the metabolically related b-vitamins (vitamin b12, vitamin b6 and riboflavin) in slowing the progression of cognitive decline and possibly reducing the risk of depression in ageing.",vitamin b6,29316987,1
"results: the adhd and asd groups and the healthy controls differed significantly regarding vitamin b12 and homocysteine concentrations, but not folate levels.",vitamin b12,31496704,0
a conventional fourdrug regimen for anti-tubercular therapy together with vitamin b6 was initiated and maintained for 6 months.,vitamin b6,30868844,3
"a correlation was found between a high intake of red meat and the risk of developing gestational diabetes, while a vegetarian diet, although associated with a risk of vitamin b12 and iron deficiency, does not appear to pose a risk if it is well balanced.",vitamin b12,40045836,3
"patients were divided into two groups: 26 patients (group a) who received 25 mg of vitamin b6 daily and one monthly injection of 200 microg vitamin b12, and 24 patients (group b) who received 100 mg of vitamin b6 daily and one monthly injection of 1,000 microg vitamin b12.",vitamin b12,15115259,2
"background: vitamin b12 deficiency is responsible for a variety of complications, particularly neurological/neuropsychiatric complications, including depression, irritability, paresthesia and insomnia.",vitamin b12,38630748,1
"another demonstrated a dose-dependent inverse relationship between vitamin b6 dietary intake and risk of hip fracture, but only for 35298 female participants.",vitamin b6,34610784,4
combined vitamin b6-magnesium treatment in autism spectrum disorder.,vitamin b6,16235322,0
"[determination by means of atomic absorption spectrophotometry of calcium, magnesium, iron, copper and zinc in the blood of normal children and adolescents].",zinc,5761161,4
"depression symptoms decreased with the implementation of some dietary recommendations, including the consumption of products rich in iodine, iron, zinc, selenium, vitamin d, vitamin a and polyunsaturated omega-3 fatty acids.",zinc,40150470,1
"in logistic regression analyses, no significant associations were observed between the incidence of depression in the first trimester and elevated hcy and deficiencies of serum folate, folate intake, vitamin b6 intake and vitamin b12 intake.",vitamin b6,21248434,1
"[plasma concentrations of calcium, magnesium, zinc and copper in patients with marginal periodontitis].",zinc,3503745,3
"although feeding of formulas with iron concentration of 215 mumol/l (12 mg/l) is a reliable means of preventing iron deficiency, high intakes of iron may adversely affect absorption of copper and zinc.",zinc,9040549,2
"the girl with 13q- (46, xx, t(2,4)(q24.2;p14), del (13)(q21.2q31.2)) had infantile spasms at 12 months, which were well controlled with nitrazepam and vitamin b6.",vitamin b6,16023555,1
"extraintestinal symptoms and fatigue inversely associated with intake of vitamin b6, phosphorus, magnesium, and iodine, as was plasma levels of iron, and positively associated with plasma iron-binding capacity.",vitamin b6,35304769,1
"the women in the treated group received 200 mg epigallocatechin gallate (egcg), 400 microg folic acid (fa), 1 mg vitamin b12, and 50 mg hyaluronic acid (ha) for 12 weeks.",vitamin b12,36983172,2
[treatment of hemorrhage of patients with coagulopathy after severe trauma with 20aa compound amino acid injection and high-dose vitamin b6].,vitamin b6,23663585,3
"however, inconsistent findings from total intake and intervention studies suggest that vitamin b6 might also be an indicator of other dietary protective micronutrients.",vitamin b6,28376200,0
"the rtr received 2.4 mg/day of fa, 50.0 mg/day of vitamin b6, and 0.4 mg/day of vitamin b12, while the hd patients received 15 mg/day of fa or an equimolar amount (17 mg/day) of the reduced folate, l-5-methyltetrahydrofolate, in addition to 50.0 mg/day of vitamin b6, and 1.0 mg/day of vitamin b12.",vitamin b6,10852611,2
"all children achieved >100% rdi or ai for thiamin, riboflavin, and vitamin b12.",vitamin b12,19596589,4
dietary vitamin b12 intake was derived from a validated food frequency questionnaire.,vitamin b12,33656837,0
"100 pregnant women were treated with one infusion of fcm (1000 mg), along with intramuscular vitamin b12 (500 mcg) and folic acid (15 mg) followed by daily oral supplementation of iron (100 mg) up to delivery.",vitamin b12,36438538,3
"all patients in addition to standard treatment for pulmonary hypertension received cholecalciferol at a dose of 50,000 iu weekly plus calcicare (at a dose of 200 mg magnesium + 8 mg zinc + 400 iu vit d) daily for 3 months.",zinc,27999642,2
"if it was less than 11 g/dl, blood was taken for serum iron, ferritin, transferrin, red cell zinc protoporphyrin, serum folate, vitamin b12 and thalassemia screen to establish cause of anaemia.",vitamin b12,10367008,2
"among the set of drugs for potential repositioning werebenzodiazepines for the treatment of autism spectrum disorders; nortriptyline for the treatment of melanoma, glioma and other cancers; and vitamin b6 in prevention of spontaneous abortions and cleft palate birth defects.",vitamin b6,28968683,3
[food-cobalamin malabsorption and vitamin b12 deficiency in adults and in elderly patients: what is the problem?].,vitamin b12,26854093,4
"additionally, depression was negatively associated with intake of fiber, beta-carotene, vitamin b6, vitamin e, vitamin c, potassium, zinc, folate, iron, and copper after adjusting for confounding variables.",zinc,26324576,1
5-methyltetrahydrofolate and vitamin b12 supplementation is associated with clinical pregnancy and live birth in women undergoing assisted reproductive technology.,vitamin b12,34886014,3
"age, gender, body mass index, education level, number of comorbidities, history of stroke, objective cognitive disorders, functional autonomy, mood, serum concentrations of vitamin b12, tsh, albumin, and estimated glomerular filtration rate were used as potential confounders.",vitamin b12,26923488,4
"four-way decomposition analysis suggested that physical exercise mediated the associations between nutrient (protein, calcium, iron, zinc, multivitamins, vitamin a/d, docosahexaenoic acid, and others) supplement and depression (all p < 0.05).",zinc,39696135,1
"background: zinc is a micronutrient that plays a role in immune system strengthening and regulation of intestinal epithelial cells, and can reduce the duration and severity of diarrhoea.",zinc,39641338,0
"results: mean daily intakes were: 2.57 vegetable servings [+/-standard deviation (sd) 1.22], 1.56 fruit servings (+/-0.9), 11.21g fiber (+/-5.32) and 33.85% energy from fat (+/-9.05), 241.98microg folate (+/-120.80) and 1.33mg vitamin b6 (+/-0.62).",vitamin b6,19833573,2
[effects of vitamin b12 in patients with amyotrophic lateral sclerosis and peripheral neuropathy].,vitamin b12,26329154,3
"after sex-stratified analysis, the third quartile of vitamin b6 intake (or 0.21, 95% ci 0.08-0.60) in males were associated with reduced odds of glaucoma.",vitamin b6,38609427,4
"folate intake, vitamin b6, and vitamin b12 levels were calculated, and the mthfr c677t and a1298c and mtr a2756g polymorphisms were analyzed by polymerase chain reaction-restriction fragment length polymorphism.",vitamin b12,25366783,2
"we found a positive effect of higher vitamin b12 intake on verbal iq (b = 1.08, 95% ci 0.09, 2.08).",vitamin b12,39674678,0
autoimmune gastritis may manifest via iron deficiency or vitamin b12 deficiency anaemia with fatigue and painful neuropathy.,vitamin b12,20009114,1
"age, gender, body mass index, fasting blood glucose and serum creatinine were significantly associated with risk of cardiovascular disease (hscrp > 1 mg/l) whereas estimated glomerular filtration rate, vitamin b12, calcium, sodium and metformin users were negatively associated with the hscrp.",vitamin b12,35300754,4
"7.7% e), vitamin b12 (in females: 3.1 microg/d), vitamin c (86 mg/d vs.",vitamin b12,38571925,4
"associations of dietary vitamin b1, vitamin b2, vitamin b6, and vitamin b12 with the risk of depression: a systematic review and meta-analysis.",vitamin b6,33912967,1
"meclizine and dimenhydrinate, as antiemetics in vertigo attacks; metoclopramide, vitamin b6 and ginger rhizome, alternatively.",vitamin b6,18034353,1
"although he had infantile spasms from 5-months old and showed mild developmental delay, he responded well to vitamin b6 and acth therapy.",vitamin b6,24205692,1
"each patient was treated with oral high-doses 300 mg of vitamin b1, 450 mg of vitamin b6 and 1,500 mcg of vitamin b12, as add-on treatment to concomitant disease-modifying therapies (dmts) for consecutive 90 days.",vitamin b12,32669520,2
"similarly, magnesium balance studies in subjects receiving 500, 1,000 and 1,500 mg/day of vitamin b6 for 8 days showed that doses of 1 g or less had no effect upon the intestinal absorption of magnesium.",vitamin b6,3959594,2
a significant negative correlation between serum folic acid and vitamin b6 was observed in both male and female overweight and obese subjects.,vitamin b6,12690905,4
"background: in china, sodium cantharidinate/vitamin b6 (sc/vb6) injection has been approved since 2002 for the treatment of lung cancer and primary liver cancer.",vitamin b6,40205599,3
the magnesium content of each uterus was usually between 5- and 13-fold greater than the total zinc content.,zinc,7283878,0
"serum levels of 25(oh)d3 , retinol and zinc were measured for each toddler.",zinc,31126175,0
"this article provides a focused review of the evidence for several complementary health approaches (ie, omega-3 fatty acids, folate, vitamin d, selenium, zinc, magnesium, b vitamins, physical activity, yoga) in the treatment of perinatal depression.",zinc,30092920,1
"among those women with zinc levels in the lowest tertile, the 10-year cumulative risk of ovarian cancer was 6.1%.",zinc,38790714,3
[vitamin b12 in the treatment and prevention of cognitive disorders in the elderly].,vitamin b12,35175702,4
"age, gender, social problems, education, body mass index (bmi), comorbidities, history of stroke, use vitamin k antagonists, inadequate fatty fish intake, serum thyroid-stimulating hormone (tsh), vitamin b12, albumin, and estimated glomerular filtration rate were used as confounders.",vitamin b12,26274973,4
"objectives: acrodermatitis dysmetabolica (ad) is a dermatologic manifestation associated with inherited metabolic disorders (imds), distinct from acrodermatitis enteropathica, which occurs solely due to zinc deficiency.",zinc,39760321,1
"the average daily intake of energy, protein, fat, carbohydrate, fiber, vitamin a, vitamin c, vitamin e, calcium, sodium,magnesium, iron and zinc from snacks were 107.8 kcal (451.5 kj), 1.7 g, 0.8 g, 22.0 g, 1.1 g, 23.1 microg, 8.3 mg, 1.1 mg,17.0 mg, 9.3 mg, 21.0 mg, 0.8 mg and 0.4 mg.",zinc,25199284,2
"equally, their intellectual performance over time did not increase above the 1st centile despite high maintenance doses of vitamin b6 (range 16-26 mg/kg/d), and mild sensory neuropathy was reported on nerve conduction studies.",vitamin b6,17376142,2
"in a double blind, randomized trial they received daily 2.5 mg folic acid, 25 mg vitamin b6, and 0.5mg vitamin b12 or placebo for 1 year.",vitamin b6,15939064,2
"the rtr received 2.4 mg/day of fa, 50.0 mg/day of vitamin b6, and 0.4 mg/day of vitamin b12, while the hd patients received 15 mg/day of fa or an equimolar amount (17 mg/day) of the reduced folate, l-5-methyltetrahydrofolate, in addition to 50.0 mg/day of vitamin b6, and 1.0 mg/day of vitamin b12.",vitamin b12,10852611,2
interventions: the intervention group received a combined supplement of 40 mg zinc as zinc gluconate and 40 mg iron as ferrous sulphate.,zinc,23661841,2
"co-administration of mem (200 mg/kg; 400 mg/kg) or the vitamin b6 (180 mg/kg) to myrin(r)-p forte administered mice significantly ameliorated ldl, cholesterol, hdl and triglyceride content.",vitamin b6,32178678,2
"a 56-year-old patient with chronic c6 radiculopathy was treated using our us-guided approach with a combination of 5% dextrose and vitamin b12, leading to significant improvement in symptoms.",vitamin b12,39744273,4
"results: adjusted mean hb increase was 0.6g/dl higher among women who were not iron replete (sf ferritin </= 20 microg/l) and received the iron-zinc supplement, compared to women who received iron-only supplement, f (1, 99) = 4.356, p = 0.039.",zinc,23661841,2
a reactant weight ratio of 1: 2 (zinc nitrate to 2-methylimidazole) was utilized.,zinc,39108649,4
"a common feature of many elderly people's diets is a deficiency in proteins (especially easily digestible ones) and micronutrients (e.g., vitamins, zinc, iron, and calcium).",zinc,38729692,4
"on the other hand, this dietary scenario was accompanied by a significant decrease in protein (from 77.8 +/- 0.6 g to 73.4 +/- 0.6 g), cholesterol, zinc, and vitamin b12 intake (p < 0.05).",zinc,32659917,2
"only two men, both abstainers, had abnormally low serum zinc level, and two other men (average daily alcohol intake less than 37 g) and two women (average daily alcohol intake less than 15 g) had abnormally high serum iron level.",zinc,3166627,2
a multilevel mixed-effects logistic regression analysis was used to identify predictors of zinc utilisation.,zinc,39561155,0
"association of methylenetetrahydrofolate reductase and methionine synthase polymorphisms with breast cancer risk and interaction with folate, vitamin b6, and vitamin b 12 intakes.",vitamin b6,25217320,3
"objective: to determine if zinc, or zinc plus multiple micronutrients, reduces diarrhea and respiratory disease prevalence.",zinc,17593956,0
"additionally, both celiac disease and pregnancy are associated with an increased risk for nutrient deficiencies, specifically vitamin b12 and folate.",vitamin b12,39339794,3
"this association occurred only in those who had concurrent poor folate, vitamin b6, or b12 status.",vitamin b6,16169836,0
"a total of twenty male and female volunteers were randomised in a double-blind design to receive either gaa (2.4 g/d) or gaa with methyl donors (2.4 g/d of gaa and 1.6 g/d of betaine hcl, 5 mug/d of vitamin b12, 10 mg/d of vitamin b6 and 600 mug/d of folic acid) by oral administration for 8 weeks.",vitamin b6,23351309,4
"it has been observed too low intake of ingredients such as calcium (565.65 +/-347.41 mg), magnesium (223.41 +/-73.84 mg), vitamin d (1.34 +/-1.28 mug) and e (5.05 +/-2.32 mg) as well as potassium (2848.67 +/-1132.07 mg), iron (7.62 +/-2.05 mg), zinc (7.11 +/-2.41 mg) and thiamine (0.87 +/-0.38 mg).",zinc,31960667,2
"depending on the diet used, the intake of vitamin b6 (p = 0.018), vitamin e (p = 0.040) and iron (p = 0.006) was significantly different among children with ibd.",vitamin b6,39203898,4
"additionally, prolactin levels were not significantly associated with maternal age; parity; intake of calories, vitamin d, vitamin e, zinc, folic acid, magnesium, or iron; infant age; or infant sex.",zinc,37735831,4
conclusion: our findings demonstrated the role of the gut-immune-liver axis in describing hepatocyte injury and death in zinc-deficient aud patients.,zinc,39095327,0
"methods: one hundred women with prom at term were randomized to receive placebo (vitamin b6 50 mg, control), 50 microg (treatment group 1), or 100 microg (treatment group 2) of oral misoprostol every 4 h to a maximum of six doses.",vitamin b6,16929421,2
"aim: to date, findings on the overall and sex-specific effects of plasma pyridoxal 5'-phosphate (plp, active coenzyme form of vitamin b6) on the risk of coronary heart disease (chd) have been inconsistent.",vitamin b6,34977195,4
in conclusion these results indicate that a minimal maternal dietary vitamin b6 supply of 3.1 mg per kg diet is necessary with regard to health and development of their offspring.,vitamin b6,11006828,0
"additional studies exploring whether the effect of weight loss or homocysteine-lowering therapies such as folic acid, vitamin b12 supplements that may prevent or slow the progression of declining renal function, is warranted.",vitamin b12,29092063,4
"however, studies also indicated that dietary nutrients such as folic acid, vitamin b12, vitamin b6, omega-3 fatty acids, zinc, selenium, and magnesium might be associated with the risk of depression.",vitamin b6,36565729,1
"assessing the performance of daily intake of a homotaurine, carnosine, forskolin, vitamin b2, vitamin b6, and magnesium based food supplement for the maintenance of visual function in patients with primary open angle glaucoma.",vitamin b6,32411435,3
"methods and results: ninety patients undergoing coronary angiography were randomized into 4 groups administered oral: (1) folic acid (0.8 mg), vitamin b12 (0.4 mg), and vitamin b6 (40 mg); (2) folic acid and vitamin b12; (3) vitamin b6 alone; or (4) placebo.",vitamin b6,14699020,2
"after analyzing the phq-9, gad-7 and isi total scores, higher scores were reported in participants with vitamin b12 deficiency, compared to individuals with normal vitamin b12 serum levels (p < 0.001).",vitamin b12,38630748,3
50 years ago in thejournal ofpediatrics: vitamin b12 studies in myelogenous leukemia of childhood.,vitamin b12,27234284,4
"folate intake, vitamin b6, and vitamin b12 levels were calculated, and the mthfr c677t and a1298c and mtr a2756g polymorphisms were analyzed by polymerase chain reaction-restriction fragment length polymorphism.",vitamin b6,25366783,2
"aim: zinc salicylaldimines may act as multidrug agents.results: three zinc salicylaldimines c1-c3 and respective ligands hl(1)-hl(3) were examined for antimicrobial/anticancer drug action and c3 was structurally analyzed (tetrahedral, triclinic).",zinc,38899770,3
"minerals like zinc, ferritin, magnesium and copper may play a role in the pathogenesis and therefore the treatment of this disorder.",zinc,22206662,0
a 41-year-old male patient with acc developed iron and vitamin b12 deficiency anemia during further controls.,vitamin b12,29237982,4
adolescents with obesity experienced significant zinc and magnesium deficiency in the body (phi < 0.05).,zinc,33813456,4
a rare event of late agranulocytosis during clozapine use in schizophrenia and the importance of monitoring vitamin b12 levels in patients with severe psychiatric conditions: a case report.,vitamin b12,39550771,3
"conclusions: hair loss is common after mbs especially in younger women, and those with low serum levels of zinc, folic acid, and ferritin.",zinc,33675022,1
"concentrations of the folate forms fa, 5-methyltetrahydrofolate (5-mthf), and tetrahydrofolate (thf) were measured before and after 3-week placebo or fa 5 mg, vitamin b6 40 mg, and cyanocobalamin 2 mg per day administrated to 74 older adults (median age, 82 years).",vitamin b6,20727555,4
"a total of 418 adolescents (223 boys, 195 girls) aged 18 years had diet assessed by a quantitative food frequency questionnaire; height, weight, and waist measured; body fat percentage determined by dual x-ray absorptiometry; and blood biomarkers (vitamin b12 and hemoglobin) assayed.",vitamin b12,31982230,4
"objective: since zinc has already been shown to impact the treatment of depression, in our study we aimed to shed light on the role of the zinc receptor gpr39 in stress-induced depression.",zinc,39775023,1
"even though the genes acquired from the heavy metals of depression studied were different, the ""selenium micronutrient network"", ""vitamin b12 and folate metabolism"", and ""positive regulation of peptidyl-serine phosphorylation"" pathways were highlighted.",vitamin b12,36758875,1
"although iron and zinc deficiencies are known to occur together and also appear to be high in ghana, a few supplementation studies addressed this concurrently in pregnancy.",zinc,19902797,3
"at 34 days, this cheese had a high salt content (2.87 %), contributing to 23 % of the recommended sodium intake for adults, but significant calcium (6.14 g/kg) and vitamin b12 (1.14 microg/100 g) levels.",vitamin b12,35940097,2
associations of vitamin b6 intake and plasma pyridoxal 5'-phosphate with plasma polyunsaturated fatty acids in us older adults: findings from nhanes 2003-2004.,vitamin b6,35684138,4
"the patients were supplemented with therapeutic doses tablets of vitamin b12, 500 (microg/day); b6, (600 mg/day) and folic acid (20 mg/ day), during 120 days.",vitamin b12,16187675,2
"[elevated plasma concentration of homocysteine, low level of vitamin b6, pyridoxal, and vitamin d insufficiency in patients with hip fracture: a possible explanation for detrimental cross-link pattern in bone collagen].",vitamin b6,17142927,3
background: a low level of vitamin b6 might theoretically cause depression as vitamin b6 is a cofactor in the tryptophan-serotonin pathway.,vitamin b6,15479988,1
prediagnostic plasma pyridoxal 5'-phosphate (vitamin b6) levels and invasive breast carcinoma risk: the multiethnic cohort.,vitamin b6,22879204,0
vitamin b12 deficiency (plasma vitamin b12 <148 pmol/l) was 7.5%.,vitamin b12,31595712,0
"associations of dietary vitamin b1, vitamin b2, vitamin b6, and vitamin b12 with the risk of depression: a systematic review and meta-analysis.",vitamin b12,33912967,1
"dietary intake (24-h recall), and serum levels of folate, vitamin b12 and ferritin were estimated.",vitamin b12,26499011,0
"indeed, some studies have shown some effectiveness of oral vitamin b6, most often in combination with doxylamine, in comparison with a placebo.",vitamin b6,32961339,0
"after controlling for age, gender, apoee4 status, and albumin ratio (qalb), higher abeta1-42 csf levels were associated with high hcys and low vitamin b12 plasma levels as well as with high hcys, high sah, and low 5-mthf csf levels.",vitamin b12,27507672,4
zd rats were fed for 21 days a zinc deficient (0.7 mg/kg) diet and other rats were fed a similar diet supplemented with zinc (100 mg/kg).,zinc,12561592,2
"additionally, the review provides insights into the existing issues and prospective views in the field, emphasizing the need for further research to optimize synthesis methodologies and elucidate the mechanisms underlying the efficacy of zinc oxide-based nanoparticles in oral cancer therapy.",zinc,38893579,3
"daily supplementation comprised nutritional doses of 5-mthf (560 microgram), vitamin b6 (3 mg) and b12 (20 microgram) and/or n-3 fatty acids (600 mg with an epa:dha ratio of 2:1).",vitamin b6,18544171,2
"41.6% in meat-eaters) while vegans exhibited a higher estimated prevalence of inadequacies for some nutrients, in particular vitamin b12 (69.9% in men and 83.4% in women <55 years of age), compared to meat-eaters.",vitamin b12,28926931,3
"initially, her symptoms of weakness, numbness and progressive quadriparesis were attributed to vitamin b12 deficiency, leading to the administration of intramuscular methylcobalamin injection.",vitamin b12,39477457,1
"2 mg of folic acid, 25 mg vitamin b6, and 400 microg of vitamin b12) in 52 patients diagnosed with migraine with aura.",vitamin b6,19384265,3
"conclusions: this review sheds light on specific promising areas of research that require further study, including the need for interventional studies evaluating serum zinc, vitamin d, and vitamin e supplementation for seborrheic dermatitis.",zinc,39102684,1
"however, studies also indicated that dietary nutrients such as folic acid, vitamin b12, vitamin b6, omega-3 fatty acids, zinc, selenium, and magnesium might be associated with the risk of depression.",zinc,36565729,1
"the lowest quartile were 0.32 (95 % ci 0.21, 0.49; p(trend) < 0.001) for dietary folate and 0.46 (95 % ci 0.30, 0.69; p(trend) < 0.001) for vitamin b6.",vitamin b6,21736840,0
"data were available for six autoimmune conditions (alopecia, celiac disease, hypothyroidism, psoriasis, diabetes and vitamin b12 deficiency) and for one inflammatory condition, gout.",vitamin b12,34300282,1
"results: interestingly, patients in group (a) who received 2660 mg d-aspartic acid plus 200 mg of ubiquinol plus 10 mg zinc once daily for 3 months showed significant improvement in progressive sperm motility after 3 months (10.63 +/- 8.64 vs 15.21 +/- 12.11, p=0.047).",zinc,40248985,2
"results: the apoe-epsilon4 allele, high homocysteine, low folate, and low vitamin b6 levels were each associated with worse baseline cognitive function, and all but b6 and b12 were associated with seven year cognitive decline.",vitamin b6,21369667,1
association of plasma vitamin b6 with coronary heart disease in patients undergoing diagnostic coronary angiography: new insight on sex differences.,vitamin b6,34977195,4
"although there is no recommendation in france relating to the treatment of nausea and vomiting of pregnancy, there are some in other countries, where ondansetron, widely used, appears to be an effective second-line treatment option behind doxylamine/vitamin b6 association and metoclopramide.",vitamin b6,34700033,3
"three days of baseline food intake showed no major deficiencies of zinc, magnesium or vitamin b6 for all participants (11.9 +/- 3.4, 395 +/- 103 and 2.7 +/- 0.9 mg.day(-1), respectively).",zinc,39125347,2
"though vitamin b12 deficiency is widely prevalent, the current public health policy in india is to supplement only iron and folic acid for the prevention of anaemia.",vitamin b12,33912132,0
"antiepileptic drugs administered were valproic acid (vpa), vitamin b6, zonisamide, topiramate, clobazam, clonazepam, and phenobarbital.",vitamin b6,35501182,3
advancements in the synthesis and functionalization of zinc oxide-based nanomaterials for enhanced oral cancer therapy.,zinc,38893579,3
[vegetarians are at high risk of vitamin b12 deficiency].,vitamin b12,26750191,3
"grade-3 hand-foot syndrome developed in 3 patients, but there were only 10 grade-2/3 cases (21.7%) because humectants and oral vitamin b6 preparation (supportive therapy) were administered from therapy initiation.",vitamin b6,20841936,2
"ferrous sulfate (300 mg orally), when administered along with zinc sulfate, decreased the area under the curve significantly (in patients by 28%, in controls by 40%) in comparison with the results obtained when zinc sulfate was given alone.",zinc,3940504,2
all 48 subjects also received 50 mg/day of oral vitamin b6 and 1.0 mg/day of oral vitamin b12.,vitamin b6,11135086,2
"methods: two, one and 14 independent single nucleotide polymorphisms associated with serum folate, vitamin b6 and vitamin b12 at the genome-wide significance threshold were selected as genetic instruments.",vitamin b6,33837300,0
"[folate, choline, and vitamin b12 supplementation for pre-conceptional and pregnant women].",vitamin b12,36415939,3
"conclusions: the majority of the elderly yoruba people were deficient in zn, ferritin and vitamin b6.",vitamin b6,23211101,4
"an iv dose of bcvs consisting of a 5 ml solution containing vitamin b1 (250 mg), vitamin b6 (250 mg) and vitamin b12 (1.5 mg) was administered at the end of hemodialysis.",vitamin b6,17115295,2
all 48 subjects also received 50 mg/day of oral vitamin b6 and 1 mg/day of oral vitamin b12.,vitamin b12,12427152,2
"however, studies also indicated that dietary nutrients such as folic acid, vitamin b12, vitamin b6, omega-3 fatty acids, zinc, selenium, and magnesium might be associated with the risk of depression.",vitamin b12,36565729,1
"although an association between vitamin b12 deficiency or hyperhomocysteinemia and mci is present, substitution of vitamin b12 or folate does not appear to prevent cognitive decline.",vitamin b12,20109582,1
"background: pyridoxine, an activated form of vitamin b6 used to treat allergic dermatitis, may prevent capecitabine-associated hand-foot syndrome (hfs), although evidence of the benefit of prophylactic pyridoxine is lacking.",vitamin b6,29948956,3
"methods: quantitative reverse transcription polymerase chain reaction (qrt-pcr) and immunofluorescence confocal microscopy were employed to quantify the expression of zip12, znt1, mt2a and ck2 subunits in a panel of breast and prostate cell lines without or with extracellular zinc exposure.",zinc,39047373,0
"in the present study, we hypothesized that combined therapy with adrenocorticotropic hormone, topiramate, vitamin b6, and immunoglobulin would effectively treat infantile spasms and have mild adverse effects.",vitamin b6,25206459,1
"additionally, analyses of iron, copper, and zinc isotope ratios have been explored in various conditions, including hemochromatosis, wilson's disease, cancer, alzheimer's disease, and amyotrophic lateral sclerosis.",zinc,39908264,3
"background/purpose: our previous study found that 19.8%, 16.2%, 4.8%, 2.3%, 19.2%, and 12.3% of 884 burning mouth syndrome (bms) patients have anemia, serum iron, vitamin b12, and folic acid deficiencies, hyperhomocysteinemia, and serum gastric parietal cell antibody (gpca) positivity, respectively.",vitamin b12,35756793,0
severe intertrigo resembling acquired acrodermatitis enteropathica unmasking zinc deficiency in a patient on cabozantinib therapy.,zinc,40225088,1
"in view of the existence of reversible neurological complications in subjects taking 2 g of pyridoxine per day, the use of very high doses of vitamin b6 must be considered as inadvisable, even if effective.",vitamin b6,3959594,2
association between vitamin b6 and white matter hyperintensities in patients with alzheimer's disease not mediated by homocysteine metabolism.,vitamin b6,17537101,3
clinical and biological effects of high doses of vitamin b6 and magnesium on autistic children.,vitamin b6,7124567,4
concerning the activities of the transaminases a dietary supplementation above 3 mg vitamin b6 per kg diet had no influence on the ast and alt activities in offspring plasma.,vitamin b6,11006828,0
"after exposure, the mother received a 40,000 iu bolus of vitamin d orally and started a five-day course of high-dose vitamin c (10,000 mg daily), after which she continued her daily combination of vitamins c, d, and zinc pill with probiotic skyr yogurt and manuka honey.",zinc,38854284,2
"additionally, iron, vitamin b12, and vitamin d deficiencies improved (p < 0.001), alongside weight gain and increased energy levels.",vitamin b12,40299351,4
all 48 subjects also received 50 mg/day of oral vitamin b6 and 1.0 mg/day of oral vitamin b12.,vitamin b12,11135086,2
"a total of twenty male and female volunteers were randomised in a double-blind design to receive either gaa (2.4 g/d) or gaa with methyl donors (2.4 g/d of gaa and 1.6 g/d of betaine hcl, 5 mug/d of vitamin b12, 10 mg/d of vitamin b6 and 600 mug/d of folic acid) by oral administration for 8 weeks.",vitamin b12,23351309,4
"a 46-year-old male presented with anemia, vitamin b12 deficiency and a positive fecal occult blood test.",vitamin b12,31166111,4
"a libs spectrum consists of dominant lines of fifteen elements including calcium, magnesium, sodium, potassium, titanium, iron, chloride, sulphur, copper, chromium, zinc, nitrogen, phosphor, and oxygen.",zinc,29759248,4
oral symptoms of the majority of patients responded to antifungals and vitamin b12 replacement.,vitamin b12,27234214,0
"in addition, a significant age-effect modification was observed for zinc (pinteraction=0.07) associations were stronger in women aged over 40 years compared to younger women.",zinc,40081383,0
"among several nanoparticles (nps), inorganic nps, such as zinc and silicon oxides (zno and sio(2)), are mainly chosen as drug nanocarriers, as both present great adsorption properties and biocompatibility.",zinc,39606560,3
"an iv dose of bcvs consisting of a 5 ml solution containing vitamin b1 (250 mg), vitamin b6 (250 mg) and vitamin b12 (1.5 mg) was administered at the end of hemodialysis.",vitamin b12,17115295,2
"analyses of neuronal cultures further revealed that neurons, not astrocytes, respond to zinc to enhance protein synthesis.",zinc,40300729,0
it focuses on the impact of vitamin b12 deficiency across different demographics.,vitamin b12,38794680,0
the interaction test results indicated that the dietary consumption of vitamin b6 did not significantly interact with any of the stratification factors (all p for interaction > 0.05).,vitamin b6,39508477,0
"conclusion: vitamin b12 deficiency in lebanon is notably high and is linked to an increased risk of developing depression, generalized anxiety disorder, insomnia, and paresthesia.",vitamin b12,38630748,1
"a great deal of literature entails that supplementation of zinc can alleviate oxidative stress-related clinical complications, including male infertility.",zinc,39653981,4
group (a) included 24 infertile patients who received 2660 mg d-aspartic acid plus 200 mg of ubiquinol plus 10 mg zinc once daily for 3 months.,zinc,40248985,2
background: dose regimens of pyridoxine (vitamin b6) for treatment of infantile spasms have varied from 200 mg/d to 300 mg/kg/d.,vitamin b6,26310861,2
"amongst uk females intakes of 9 micronutrients (riboflavin, vitamin b6, b12, folic acid, calcium, iron, magnesium, potassium, and iodine) were significantly lower than males aged 20-59 years (p < 0.001) expressed as a percentage of the rni.",vitamin b6,30073167,4
"[copper, iron, magnesium and zinc contents in hair of peasants in high and low incidence areas of esophageal cancer].",zinc,7173022,3
effects of nursing program in preventing incontinence-associated dermatitis by applying zinc oxide and petroleum jelly skin protection products among older patients in semi-intensive medical care units: a pilot study.,zinc,39081404,1
"patients were randomly assigned to one of two treatment regimens: 1) daily renal multivitamin containing folate (fa), vitamin b6 and b12 (5 mg, 10 mg and 0.4 mg respectively) (n = 27); and 2) supraphysiological daily doses (15 mg, 100 mg and 1 mg) (n = 33).",vitamin b6,16053010,2
"several bioactive compounds identified as potentially beneficial in combatting depression include calcium, casein, alpha-lactalbumin, tryptophan (trp), vitamin b6 and b12, magnesium, flavonoids (especially hesperidin), carotenoids, ergothioneine, fiber, and probiotics.",vitamin b6,38931173,1
all 48 subjects also received 50 mg/day of oral vitamin b6 and 1 mg/day of oral vitamin b12.,vitamin b6,12427152,2
"during the 12-month period the children were intensively hydrated and received a low-oxalate diet and supplemental therapy with vitamin b6, magnesium, citrates and lactic acid bacteria preparations.",vitamin b6,14593960,4
"also, formononetin targeted insulin receptor and zinc-alpha-2-glycoprotein which play important roles in metabolisms of tissue cells of prostate cancer.",zinc,38874510,3
"aims/introduction:  to estimate nutritional risk factors for osteoporosis in patients with type 2 diabetes, bone mineral density, homocysteine level, and intakes and levels of hcy-related vitamins including folate, vitamin b6 and vitamin b12 were analyzed in a cross-sectional study.",vitamin b6,24843489,3
"after adjusting for initial age and sex, intake of riboflavin, zinc, calcium, magnesium, and phosphorus declined steeply (8% to 16% dri annually) across the 3 years.",zinc,17467383,4
"alterations in plasma essential trace elements selenium, manganese, zinc, copper, and iron concentrations and the possible role of these elements on oxidative status in patients with childhood asthma.",zinc,14742898,3
"in the umbilical cord blood, the mean serum calcium, magnesium, zinc and iron were 8.5, 1.9, 84.1, and 89.8 microg/dl, respectively.",zinc,27147914,0
"results: a significant inverse relationship was observed between depression and higher intake of selenium, zinc, vitamins b6 and b12 for the total sample.",zinc,34695501,1
"background: sodium cantharidinate/vitamin b6 (sc/vb6) injection, a famous insect-derived traditional chinese medicine preparation, has been widely applied as a promising adjunctive drug for hepatocellular carcinoma (hcc).",vitamin b6,32846865,3
"in this paper, depression and eating behavior, diet quality, folic acid, vitamin b12, vitamin b6, vitamin d, omega-3 fatty acids, magnesium, selenium, zinc and copper, prebiotics and probiotics are discussed.",vitamin b6,36565729,1
background: vitamin b6 is involved in many biochemical reactions and might play a role in carcinogenesis.,vitamin b6,28376200,0
"especially low vitamin b12 or folate and low intake of omega-3-fatty acids, but also low vitamin d may associate with increased risk of depression.",vitamin b12,24881142,1
"between weeks 10 and 18 the patients received 10 mg folic acid, 100 mg vitamin b6 once a week, and 1000 microg vitamin b12 bimonthly iv.",vitamin b6,15600263,2
"clinical evaluation of sequential transdermal delivery of vitamin b6, compound glycyrrhizin, metronidazole, and hyaluronic acid using needle-free liquid jet in facial seborrheic dermatitis.",vitamin b6,33195305,1
"on receiver operating characteristic analysis, the cut-off for serum zinc for prediction of anemia was 71.5 mug/dl.",zinc,29804328,0
association between vitamin b6 and the risk of colorectal cancer: a meta-analysis of observational studies.,vitamin b6,36961108,3
"a history of premenstrual syndrome and patients with hyperemesis gravidarum, obstructive sleep apnea syndrome, vitamin b12 deficiency, and higher tsh levels in the laboratory were found to be associated with sleep disorders.",vitamin b12,34311492,3
"mthfr c677t and a1298c polymorphisms, serum homocysteine, folate and vitamin b12 levels as well as seizure frequency and score based on the hamilton depression scale (hamd) were evaluated at baseline and after six months of follow-up.",vitamin b12,35904038,1
"serum concentrations of vitamin b12 of <150 pmol/l and folate of <10 nmol/l were classified as deficient, and folate concentrations of >45.3 nmol/l were classified as hfc.",vitamin b12,37220857,0
"adolescents who consumed fish had higher intake of protein, water, b vitamins, magnesium, selenium, and zinc but consumed more calories, fat, saturated fat, and sodium.",zinc,23858520,4
"in the present study it has been shown for the first time that maternal methyl-enriched diet (choline, betaine, folic acid, vitamin b12, l-methionine, zinc) during perinatal period reduces the expression of genetic absence epilepsy and comorbid depression in adult offspring of wag/rij rats.",vitamin b12,33083882,1
"patients are randomized to a multivitamin that includes either a high-dose or low-dose of folic acid (5 or 0 mg), vitamin b6 (50 or 1.4 mg), and vitamin b12 (1000 or 2 microg).",vitamin b12,16923411,2
randomized trials are now justified and needed in order to examine whether treatment with vitamin b6 may improve symptoms of depression.,vitamin b6,15479988,1
"anemia in hypothyroidism might result from bone marrow depression, decreased erythropoietin production, comorbid diseases, or concomitant iron, vitamin b12, or folate deficiency.",vitamin b12,28400547,1
"b vitamins, such as folate, vitamin b6, and vitamin b12, play an important role as coenzymes in one-carbon metabolism and may affect colorectal cancer risk.",vitamin b6,19661077,3
"in the animal trial, 90 newly weaned piglets were divided into three groups, receiving either the negative control (nc; 25.4% sbm), positive control (pc; 25.4% sbm supplemented with 3000 mg/kg zinc oxide), or b4 (b4; 19% fsbm, 6.4% sbm).",zinc,40307957,2
"(b) how has the longterm safety of folic acid to be judged, especially regarding the risk of colorectal cancer, autism, asthma, impaired immune defence, masking vitamin b12 deficiency and interactions with the methotrexate metabolism?",vitamin b12,26731845,3
"fatigue was also inversely associated with calcium, iron, and zinc intakes.",zinc,35304769,1
"a case-control study was performed, where the sera of 182 thin children (cases) and 393 normal bmi children (controls) were tested for levels of iron, ferritin, vitamin d, zinc, selenium, and copper.",zinc,34528520,4
"moreover, vitamin b12, phenylalanine, glutamate, ornithine, citrulline, and glycine plasma levels were significantly reduced in the depression group after paroxetine treatment.",vitamin b12,37038696,1
"nutritional imbalances such as inadequate intake of protein, fish (omega3 polyunsaturated fatty acids), vitamins (folate and vitamin d), and minerals (iron and zinc) increases the risk of depression.",zinc,36992617,1
"background: epidemiological studies evaluating the association of vitamin b6, vitamin b12 and methionine with breast cancer risk have produced inconsistent results.",vitamin b6,23907430,3
[antidepressive effect of pyridoxine (vitamin b6) in neuroleptic-treated schizophrenic patients with co-morbid minor depression--preliminary open-label trial].,vitamin b6,11419053,3
background and aims: subclinical vitamin b12 deficiency is a very common entity in the indian subcontinent with devastating clinical and socio-economic consequences.,vitamin b12,33209833,0
"we found that depletion of intracytoplasmic zinc ions due to loss of zip10 disrupts the change in nuclear-to-cytoplasmic localization of gli1, which is critical for pgr signaling in the decidualizing stromal cells in vitro not only in mice but also in humans.",zinc,39967682,0
"the study group received a daily oral dose of 81 mg of lda, while the control group received placebo (oral vitamin b12 tablets).",vitamin b12,30807853,2
"no difference was observed in energy intake, but blw infants appeared to consume more total (48% vs 42% energy, p<0.001) and saturated (22% vs 18% energy, p<0.001) fat, and less iron (1.6 vs 3.6 mg, p<0.001), zinc (3.0 vs 3.7 mg, p=0.001) and vitamin b12 (0.2 vs 0.5 mug, p<0.001) than tsf infants.",zinc,27154478,2
"a statistically significant improvement was observed for body weight (difference between groups 2.2 kg, p=0.03), and homocysteine, vitamin b1, tdf, vitamin b6, vitamin b12, folate and vitamin d in the supplement group compared to the placebo group.",vitamin b6,11960300,4
blood level of vitamin b6 was measured to investigate a potential deficiency.,vitamin b6,31796339,0
serum iron levels were inversely correlated with blood lead and serum copper concentrations but were not correlated with serum zinc or cadmium levels.,zinc,16254260,0
also zinc deficiency was more prevalent in females than in males.,zinc,21962832,4
"a total of three-hundred-eighty-four, one-day-old meat-type male pekin ducks were randomly allocated to six treatments, i.e., dietary cyanocobalamin (vitamin b12) concentrations of 0.00, 0.02, 0.04, 0.06, 0.08 and 1.00 mg/kg, respectively in their feed.",vitamin b12,31480210,4
(3) serum zinc and iron levels in patients who either had a miscarriage or a preterm delivery were significantly lower than in the control group (p < 0.05).,zinc,26744858,0
acquired zinc deficiency mimicking infantile psoriasis in a premature infant with a developmental sex disorder.,zinc,39015967,4
"additionally, we characterized longitudinal changes in hm concentrations of zinc and other minerals (calcium, copper, iodine, iron, magnesium, manganese, phosphorus, potassium, selenium, and sodium).",zinc,36704795,0
[status epilepticus due to low vitamin b6 levels refractory to convencional antiepileptic treatment during pregnancy].,vitamin b6,17678610,3
"nevertheless, few studies have explored so far the relevance of topical products containing vitamin b12 as a treatment option for atopic dermatitis, and the association between blood levels of vitamin b12 and the severity of atopic dermatitis has never been investigated.",vitamin b12,33342334,1
"daily niacin intake did not differ statistically across groups (group 1 = 18.0 +/- 11.4 mg/day; group 2 = 18.9 +/- 8.0 mg/day; group 3 = 14.2 +/- 5.2 mg/day), nor did intake of tryptophan, vitamin b6, and zinc.",zinc,17460498,2
"in this paper, depression and eating behavior, diet quality, folic acid, vitamin b12, vitamin b6, vitamin d, omega-3 fatty acids, magnesium, selenium, zinc and copper, prebiotics and probiotics are discussed.",vitamin b12,36565729,1
our findings suggest that dietary intake of vitamin b6 and b12 might have an effect on brain structure.,vitamin b6,34073949,0
chemoprevention of doxorubicin-induced alopecia in mice by dietary administration of l-cystine and vitamin b6.,vitamin b6,22699427,1
"an odds ratio (or) of 0.917 for depression associated with a one standard deviation increase in serum zinc levels (or = 0.968; 95% ci = 0.953-0.984, p = 1.19 x 10-4, random effects model inverse variance weighted (ivw)); (or = 0.928; 95% ci = 0.634-1.358, p = 0.766, mr egger).",zinc,38863045,4
"being married, engaging in regular exercise, and increased vitamin b6 were inversely related to anxiety and depression.",vitamin b6,36914586,1
"energy-adjusted intakes of folate, vitamin b6, and vitamin b12 were derived from a validated food frequency questionnaire (ffq).",vitamin b6,19389261,0
"objectives: based on the hypothesis of a role for folate and vitamin b12 in major depressive disorders (mdd), we aimed at validating the association between folate pathway biomarkers and depression or antidepressant response in clinical trial populations.",vitamin b12,32787676,1
"in logistic regression analyses, no significant associations were observed between the incidence of depression in the first trimester and elevated hcy and deficiencies of serum folate, folate intake, vitamin b6 intake and vitamin b12 intake.",vitamin b12,21248434,1
"logistic regression analysis revealed significant involvement of zinc and iron intake, and that poms fatigue and anger scores affected the differential threshold for sourness.",zinc,23327972,1
"patients were divided into two groups: 26 patients (group a) who received 25 mg of vitamin b6 daily and one monthly injection of 200 microg vitamin b12, and 24 patients (group b) who received 100 mg of vitamin b6 daily and one monthly injection of 1,000 microg vitamin b12.",vitamin b6,15115259,2
"all patients with known coronary artery disease should take prescription strength (1 mg/d) folic acid, vitamin b12 (400 microg/d), and vitamin b6 (10 mg/d), which have few if any known adverse effects.",vitamin b6,12540303,3
serum folate and vitamin b12 levels were estimated by competitive chemiluminescent enzyme immunoassay method.,vitamin b12,28164642,0
the increase of copper level was found to be much higher than that of zinc.,zinc,17417973,0
this study does not support protective associations for folate and vitamin b6.,vitamin b6,24377513,0
"age, ggt, gender, mthfr and vitamin b6 explained 16.8% of the variation in hcy (p < 0.01).",vitamin b6,23548740,4
"conclusions: this study provides some evidence of decreased depression risk among women with higher intakes of vitamin b6 from food, which was dependent on total energy intake, and among men with higher intakes of b12 from food, independently of energy intake.",vitamin b6,26648330,1
"fucoidan administered in doses above 30 mg decreased the absorption of iron, cobalt, manganese and zinc in normal rats, and the absorption of iron and cobalt in iron-deficient rats.",zinc,7227667,2
"consumption was also associated with a higher intake of energy and all nutrients except vitamin b6, retinol, ??, and zinc in males and vitamin b6 in females.",vitamin b6,39683580,4
"although childhood-onset ckd was more common in patients with missense variants in the dna-binding/zinc-finger domain, other patients may develop ckd and kidney failure later in life.",zinc,39698353,3
"in this paper, depression and eating behavior, diet quality, folic acid, vitamin b12, vitamin b6, vitamin d, omega-3 fatty acids, magnesium, selenium, zinc and copper, prebiotics and probiotics are discussed.",zinc,36565729,1
"as her serum vitamin b6 level was remarkably low, she was diagnosed with convulsive seizures due to vitamin b6 deficiency associated with isoniazid treatment.",vitamin b6,24492693,3
"decreased serum zinc levels (or 1.2, 95% ci 1.2-3.4) were linked to an increased probability of delivering a baby who is small for their gestational age.",zinc,38892565,0
"almost all patients were normal weight, overweight, or obese, and few had concomitant vitamin b12 or folate deficiency.",vitamin b12,27228202,4
"a 70-year-old jehovah's witness was treated with iron carboxymaltose intravenously, recombinant human erythropoietin alpha subcutaneously, and vitamin b12 and folate orally for 9 weeks to raise hemoglobin (hb) from 10.8 to 17.0 g/dl before explantation of an infected hip joint prosthesis.",vitamin b12,32784312,4
"conclusions: total vitamin b6 is abnormally high in autism, consistent with previous reports of an impaired pyridoxal kinase for the conversion of pyridoxine and pyridoxal to plp.",vitamin b6,16494569,0
"using a representative karst depression in guangxi as a case study, we measured soil concentrations of arsenic (as), cadmium (cd), lead (pb), and zinc (zn).",zinc,40295664,1
[serious neurological compromise due to vitamin b12 deficiency in infants of vegan and vegetarian mothers].,vitamin b12,31339288,3
"group 1 served as control; group 2 received ps (200 mg/kg), and groups 3 and 4 received intraperitoneally zinc (60 mg/kg b.w) and copper (33 mg/kg b.w), respectively.",zinc,38918930,2
"the rtrs received 2.4 mg/day of fa, 50.0 mg/day of vitamin b6, and 0.4 mg/day of vitamin b12, while the hd patients received 15 mg/day of fa or an equimolar amount (17 mg/day) of the reduced folate, mthf, in addition to 50.0 mg/day of vitamin b6 and 1.0 mg/day of vitamin b12.",vitamin b12,11169020,2
a noteworthy correlation emerged between serum zinc levels and reduced risk of depression.,zinc,38863045,1
all 50 subjects also received 50 mg/day of oral vitamin b6 and 1.0 mg/day of oral vitamin b12.,vitamin b6,11169020,2
"54.5 foods, p < .001) as compared to typical controls, children with autism had a higher average intake of magnesium, and lower average intake of protein, calcium, vitamin b12, and vitamin d.",vitamin b12,21556968,4
"antioxidants (vitamin a, c, e, b6, b12, total folate, zinc, magnesium, selenium) intake does not consistently relate to low muscle mass across age and sex.",zinc,38115288,4
"results: there were 1454 participants of which 33.5% of the patients were deficient, 27.9% were borderline deficient, while 38.7% had adequate vitamin b12 levels.",vitamin b12,36974860,0
can vitamin b6 help to prevent postpartum depression?,vitamin b6,34912512,1
"in addition to standard supplementation (350 mg/day ferrous iron, 5 mg folic acid), participants in the intervention group were given 5 mug of vitamin b12 each morning for 100 days.",vitamin b12,32302504,2
"a hospital based study to access the usefulness of using the combination regime of the ferric carboxy maltose, vitamin b12 and folic acid as a treatment of severe anemia among pregnant women in a rural tribal community of south gujarat.",vitamin b12,36438538,3
[value of behavior scales and urinary homovanillic acid determinations in monitoring the combined treatment with vitamin b6 and magnesium of children displaying autistic behavior].,vitamin b6,6888687,4
"our secondary outcomes showed that dietary supplements used during active infection such as vitamin c, d, lactoferrin and zinc might have a preventive value on postcovid hair loss, while azithromycin and ivermectin could have a negative long term effect on telogen effluvium.",zinc,38844670,1
"adolescents with higher %tei from upfs (quartile four) had highest total energy, total fat and saturated fat; and lowest protein, fibre, iron, calcium and zinc intake.",zinc,40110341,4
"a cohort of 30 patients with elevated hcy levels (>8.2 micromol/liter), were given folate, vitamin b12 and b6 as supplements for 6 weeks.",vitamin b12,21381582,3
